Jméno,Organizace,Číslo,Trvání (s),Datum
Taťka,,"'+420733255671",3,1777706654694
Mamka,,"'+420737878928",6,1777572468258
Mamka,,"'+420737878928",28,1777459434520
Mamka,,"'+420737878928",45,1777459029479
Mamka,,"'+420737878928",0,1777458877092
Mamka,,"'+420737878928",65,1777450777375
Mamka,,"'+420737878928",2,1777450769883
Taťka,,"'+420733255671",144,1777450624965
Mamka,,"'+420737878928",9,1777364487812
Mamka,,"'+420737878928",14,1777307069825
Mamka,,"'+420737878928",5,1777306858512
Mamka,,"'+420737878928",49,1777189468714
Taťka,,"'+420733255671",34,1777181511622
Mamka,,"'+420737878928",18,1777046555698
Mamka,,"'+420737878928",231,1777026885152
Mamka,,"'+420737878928",42,1776420109132
Mamka,,"'+420737878928",0,1776420087079
Mamka,,"'+420737878928",32,1776416455745
Mamka,,"'+420737878928",0,1776279463570
Taťka,,"'+420733255671",121,1776243797121
Taťka,,"'+420733255671",0,1776243617166
Taťka,,"'+420733255671",1,1776243572965
Mamka,,"'+420737878928",0,1776052955522
Mamka,,"'+420737878928",89,1775805214522
Taťka,,"'+420733255671",52,1775805133378
Mamka,,"'+420737878928",5,1775804918764
Mamka,,"'+420737878928",0,1775156105607
Mamka,,"'+420737878928",80,1774717081933
Mrkvička,,"'608928166",63,1774601102387
Mamka,,"'+420737878928",15,1774597388057
Mamka,,"'+420737878928",40,1773854434699
Mamka,,"'+420737878928",43,1773853534379
Mamka,,"'+420737878928",11,1773665483177
Mamka,,"'+420737878928",0,1773665468975
Mamka,,"'+420737878928",89,1773433895611
Vojta Kalivoda,,"'+420604537884",65,1773416182610
Taťka,,"'+420733255671",29,1773319760224
Taťka,,"'+420733255671",4,1773319747900
,,"'+420277207111",4,1773136403023
,,"'+420277207111",14,1773052405939
Mamka,,"'+420737878928",0,1772958289654
Mamka,,"'+420737878928",0,1772823007344
Babička,,"'+420732703644",191,1772733255189
Vlaďka Blažková,,"'+420728120498",23,1772547511213
Taťka,,"'+420733255671",113,1772358211734
Taťka,,"'+420733255671",59,1772351335971
Mamka,,"'+420737878928",28,1772295079961
Mamka,,"'+420737878928",0,1771832366711
Babička,,"'+420732703644",420,1771327011423
Babička,,"'+420732703644",0,1771326974930
,,"'+420705545760",80,1771321034386
,,"'+420705545760",22,1771320989540
,,"'+420705545760",7,1771256006536
,,"'+420705545760",22,1771245256537
Vojta Kalivoda,,"'+420604537884",0,1771089370642
Taťka,,"'+420733255671",2,1770960173216
Taťka,,"'+420733255671",18,1770736910022
Vlaďka Blažková,,"'+420728120498",12,1770646474474
Vlaďka Blažková,,"'+420728120498",0,1770646439755
Vlaďka Blažková,,"'+420728120498",29,1770574154317
Vlaďka Blažková,,"'+420728120498",0,1770573890698
Taťka,,"'+420733255671",17,1770270643040
Mamka,,"'+420737878928",19,1770138571277
Mamka,,"'+420737878928",71,1769934871410
Mamka,,"'+420737878928",82,1769887774523
Mamka,,"'737878928",0,1769853423014
Taťka,,"'+420733255671",25,1769853330734
Taťka,,"'+420733255671",0,1769850043452
Taťka,,"'+420733255671",6,1769785520615
Mrkvička,,"'608928166",37,1769582213747
Mamka,,"'737878928",0,1769088011452
Taťka,,"'+420733255671",8,1768826417786
Taťka,,"'+420733255671",135,1768728083356
Vojta Kalivoda,,"'+420604537884",7,1768652644277
Mamka,,"'+420737878928",61,1767948040701
Mamka,,"'+420737878928",30,1767944112615
Taťka,,"'+420733255671",38,1767867801717
Mamka,,"'+420737878928",52,1767864711721
Mamka,,"'+420737878928",6,1767855176071
Mamka,,"'+420737878928",107,1767800041210
Taťka,,"'+420733255671",96,1767794330658
Teta Maruška Foukalová,,"'+420732698381",43,1767009522677
Taťka,,"'+420733255671",43,1766838427267
Taťka,,"'+420733255671",84,1766829352447
Taťka,,"'+420733255671",0,1766829191183
Taťka,,"'+420733255671",10,1766829164325
Vojta Kalivoda,,"'+420604537884",36,1766664020353
Tomáš Čermák,,"'+420737803539",78,1766581363238
Mamka,,"'+420737878928",0,1766563267604
Mamka,,"'+420737878928",22,1766489723994
Taťka,,"'+420733255671",73,1766400658977
Mamka,,"'+420737878928",64,1766136078491
Mamka,,"'+420737878928",33,1766128647867
Mamka,,"'737878928",21,1765781484354
Taťka,,"'+420733255671",1,1765345812378
Mamka,,"'737878928",4,1765009248027
Mamka,,"'+420737878928",0,1764941130912
Taťka,,"'+420733255671",61,1764670941833
Vojta Kalivoda,,"'+420604537884",26,1764417418607
Mamka,,"'+420737878928",28,1763979697935
Mamka,,"'+420737878928",10,1763969738444
Mamka,,"'+420737878928",141,1763888698241
Mamka,,"'+420737878928",129,1763738459229
Mamka,,"'+420737878928",31,1763536343976
Mamka,,"'+420737878928",21,1763531751644
Babička,,"'+420732703644",26,1763319640977
Babička,,"'+420732703644",21,1763315116773
Taťka,,"'+420733255671",59,1763293069820
Vojta Kalivoda,,"'+420604537884",9,1763292555032
Vojta Kalivoda,,"'+420604537884",30,1763285512644
Taťka,,"'+420733255671",112,1763279116197
Babička,,"'+420732703644",459,1763232910543
Taťka,,"'+420733255671",94,1763232674684
Mamka,,"'+420737878928",36,1763214550259
Vojta Kalivoda,,"'+420604537884",17,1763213494740
Vojta Kalivoda,,"'+420604537884",44,1763197304543
Vojta Kalivoda,,"'+420604537884",2,1763197167339
Mamka,,"'+420737878928",351,1763196945482
Mamka,,"'+420737878928",25,1763196645986
Mamka,,"'+420737878928",26,1763196367521
Vojta Kalivoda,,"'+420604537884",15,1763147556456
Taťka,,"'+420733255671",52,1763142723010
Taťka,,"'+420733255671",18,1763139963553
Taťka,,"'+420733255671",60,1763132748252
Taťka,,"'+420733255671",72,1763109113616
Taťka,,"'+420733255671",36,1762967704202
Mamka,,"'+420737878928",52,1762630414186
Vojta Kalivoda,,"'+420604537884",20,1762627942438
Taťka,,"'+420733255671",59,1762621571704
Taťka,,"'+420733255671",0,1762620314607
Taťka,,"'+420733255671",67,1762619209387
Mamka,,"'+420737878928",28,1762616158687
Vojta Kalivoda,,"'+420604537884",0,1762597195760
Mamka,,"'+420737878928",39,1762260289772
Mamka,,"'+420737878928",11,1762256451097
Taťka,,"'+420733255671",27,1762255318467
Mamka,,"'+420737878928",93,1762252357354
Mamka,,"'+420737878928",41,1762252132043
Mamka,,"'+420737878928",29,1762251643015
Mamka,,"'+420737878928",41,1762251521330
Mamka,,"'737878928",0,1762114635008
Taťka,,"'+420733255671",43,1762005376739
Taťka,,"'+420733255671",44,1762001868450
Taťka,,"'+420733255671",160,1762001482964
Mamka,,"'737878928",0,1761569770444
Mamka,,"'+420737878928",72,1761556779899
Mamka,,"'+420737878928",0,1761483490928
Babička,,"'+420732703644",178,1761224941583
Babička,,"'+420732703644",0,1761224901301
Mamka,,"'+420737878928",2,1761067657297
Tomáš Čermák,,"'+420737803539",0,1761064391334
Tomáš Čermák,,"'+420737803539",53,1761064280872
Tomáš Čermák,,"'+420737803539",40,1761064132597
Taťka,,"'+420733255671",66,1760771246198
Taťka,,"'+420733255671",17,1760770660021
Babička,,"'+420732703644",79,1760701918949
Babička,,"'+420732703644",372,1760529209979
Babička,,"'+420732703644",320,1760456940279
Babička,,"'+420732703644",0,1760456909059
Babička,,"'+420732703644",0,1760452869753
Mamka,,"'+420737878928",0,1760428490752
Mamka,,"'+420737878928",0,1760303723719
Mamka,,"'+420737878928",0,1760293066857
Mamka,,"'+420737878928",0,1760214622144
Mamka,,"'+420737878928",0,1760209391168
Taťka,,"'+420733255671",0,1760165295831
Taťka,,"'+420733255671",17,1760126486402
Mamka,,"'+420737878928",19,1760000849822
Mamka,,"'+420737878928",0,1760000817832
Mamka,,"'+420737878928",9,1759756365165
Mamka,,"'+420737878928",0,1759756353405
Mamka,,"'+420737878928",0,1759756335227
Mamka,,"'+420737878928",76,1759491967819
Mamka,,"'+420737878928",28,1759487768494
Mamka,,"'+420737878928",0,1759487755369
Mamka,,"'+420737878928",2,1758098121556
Taťka,,"'+420733255671",137,1758021778889
Vojta Kalivoda,,"'+420604537884",79,1757944819910
Mamka,,"'+420737878928",0,1757855254525
Mamka,,"'+420737878928",311,1757789081022
Vojta Kalivoda,,"'+420604537884",13,1757786505694
Mamka,,"'+420737878928",244,1757752478674
Taťka,,"'+420733255671",0,1757678542054
Mamka,,"'+420737878928",0,1757618316449
Babička,,"'+420732703644",594,1757614315542
Babička,,"'+420732703644",0,1757614283207
Lida,,"'+420739226900",292,1757528460746
Mamka,,"'+420737878928",0,1757441101459
Mamka,,"'+420737878928",0,1757202433840
Mrkvička,,"'+420608928166",62,1757061006623
Mrkvička,,"'608928166",0,1757060614685
Mrkvička,,"'608928166",0,1757060586555
Mamka,,"'+420737878928",16,1757050512168
Taťka,,"'+420733255671",9,1756715291423
Taťka,,"'+420733255671",58,1756625551282
Taťka,,"'+420733255671",22,1756625523259
Taťka,,"'+420733255671",206,1756385400323
Taťka,,"'+420733255671",58,1756378372258
Taťka,,"'+420733255671",193,1756283552052
Taťka,,"'+420733255671",22,1756223666924
Taťka,,"'+420733255671",84,1756223531784
Taťka,,"'+420733255671",22,1756223496706
Mamka,,"'+420737878928",173,1756222875288
Taťka,,"'+420733255671",0,1756063650434
Taťka,,"'+420733255671",1,1756013765923
Tomáš Čermák,,"'+420737803539",48,1755951366423
Tomáš Čermák,,"'+420737803539",66,1755951168339
Taťka,,"'+420733255671",23,1755933915014
Taťka,,"'+420733255671",30,1755933833270
Taťka,,"'+420733255671",77,1755930568332
Taťka,,"'+420733255671",18,1755885302456
Taťka,,"'+420733255671",7,1755843331987
Babička,,"'+420732703644",0,1755841795913
Babička,,"'+420732703644",0,1755841658255
Taťka,,"'+420733255671",112,1755840801367
Taťka,,"'+420733255671",146,1755790463412
Taťka,,"'+420733255671",41,1755774831559
Mamka,,"'+420737878928",112,1755774552943
Taťka,,"'+420733255671",45,1755681217393
Taťka,,"'+420733255671",40,1755680335192
Taťka,,"'+420733255671",123,1755674510589
Taťka,,"'+420733255671",17,1755674089241
Vojta Kalivoda,,"'+420604537884",9,1755423718172
Mamka,,"'+420737878928",40,1755246736958
Taťka,,"'+420733255671",33,1755246379642
Taťka,,"'+420733255671",36,1755245156426
Taťka,,"'+420733255671",24,1755244211470
Babička,,"'+420732703644",124,1755185275827
,,"'+420378601960",15,1755094502246
Taťka,,"'+420733255671",0,1754997939370
Taťka,,"'+420733255671",0,1754997927945
Mamka,,"'+420737878928",19,1754990413224
Mamka,,"'+420737878928",53,1754990343037
Mamka,,"'+420737878928",28,1754989449105
Taťka,,"'+420733255671",154,1754986647123
Taťka,,"'+420733255671",3,1754837737015
,,"'+420705627451",25,1754291808794
,,"'+420705627451",6,1754291782346
Babička,,"'+420732703644",0,1754037655768
Babička,,"'+420732703644",117,1754037521605
Taťka,,"'+420733255671",0,1753947000216
Taťka,,"'+420733255671",12,1753945649296
Mamka,,"'+420737878928",34,1753859160903
Mamka,,"'+420737878928",62,1753858932539
Mamka,,"'+420737878928",0,1753540264810
Mamka,,"'+420737878928",25,1753521497486
Mamka,,"'+420737878928",0,1753513700130
Mamka,,"'+420737878928",0,1753456940553
Mamka,,"'+420737878928",0,1753422253143
Mamka,,"'+420737878928",0,1753382074388
Mamka,,"'+420737878928",0,1753370467947
Taťka,,"'+420733255671",0,1753365423426
Taťka,,"'+420733255671",0,1753351648962
Mamka,,"'+420737878928",4,1753347717278
Mamka,,"'+420737878928",0,1753298322339
Taťka,,"'+420733255671",0,1753260560333
Taťka,,"'+420733255671",44,1753198612003
Mamka,,"'+420737878928",20,1753114120657
Mamka,,"'+420737878928",6,1753113597715
Mamka,,"'+420737878928",22,1753112386229
Taťka,,"'+420733255671",22,1753084871890
Taťka,,"'+420733255671",23,1753084774947
Taťka,,"'+420733255671",24,1752908156335
Taťka,,"'+420733255671",4,1752908124422
Taťka,,"'+420733255671",19,1752840497930
Taťka,,"'+420733255671",19,1752840470235
Mamka,,"'+420737878928",13,1752774485055
Taťka,,"'+420733255671",25,1752756706245
Taťka,,"'+420733255671",55,1752751759612
Mamka,,"'+420737878928",60,1752747029737
Mamka,,"'+420737878928",0,1752746932406
Mamka,,"'+420737878928",21,1752746897796
Mamka,,"'+420737878928",40,1752739084427
Mamka,,"'+420737878928",0,1752738258863
Taťka,,"'+420733255671",85,1752736649301
Mamka,,"'+420737878928",67,1752678774767
Taťka,,"'+420733255671",28,1752598621557
Mamka,,"'+420737878928",72,1752593059435
Taťka,,"'+420733255671",0,1752575757422
Taťka,,"'+420733255671",74,1751972666577
Taťka,,"'+420733255671",142,1751972495584
Mamka,,"'+420737878928",119,1751972056974
Taťka,,"'+420733255671",107,1751971877813
Mamka,,"'+420737878928",36,1751966332231
Mamka,,"'+420737878928",88,1751960293425
Mamka,,"'+420737878928",0,1751960259432
Taťka,,"'+420733255671",48,1751956609208
Taťka,,"'+420733255671",17,1751956426467
Vojta Kalivoda,,"'+420604537884",67,1751898096982
Taťka,,"'+420733255671",0,1751885766319
Tomáš Čermák,,"'+420737803539",880,1751720250359
Mamka,,"'+420737878928",52,1751639121085
Taťka,,"'+420733255671",66,1751614619524
Taťka,,"'+420733255671",147,1751472790980
Taťka,,"'+420733255671",271,1751472213829
Mamka,,"'+420737878928",200,1751300573337
Mamka,,"'+420737878928",21,1751299167904
Mamka,,"'+420737878928",28,1750936098820
Mamka,,"'+420737878928",50,1750928219935
Lida,,"'+420778884182",342,1750844319224
Lida,,"'+420778884182",39,1750786578801
Vojta Kalivoda,,"'+420604537884",106,1750784782749
Vojta Kalivoda,,"'+420604537884",0,1750784485503
Taťka,,"'+420733255671",40,1750756927140
Taťka,,"'+420733255671",0,1750756918673
Taťka,,"'+420733255671",0,1750756908484
Vojta Kalivoda,,"'+420604537884",185,1750698433979
Mamka,,"'+420737878928",65,1750578603984
Mamka,,"'+420737878928",72,1750420777060
Mamka,,"'+420737878928",104,1750406632216
Taťka,,"'+420733255671",28,1750403707699
Mamka,,"'+420737878928",32,1750230277854
Taťka,,"'+420733255671",62,1750227412721
Taťka,,"'+420733255671",2,1750140131964
Mamka,,"'+420737878928",53,1750018251936
Mamka,,"'+420737878928",0,1750018100417
Mamka,,"'+420737878928",22,1750017202537
Mamka,,"'+420737878928",103,1750010620641
Babička,,"'+420732703644",729,1750002007074
Babička,,"'+420732703644",0,1750001970038
Taťka,,"'+420733255671",172,1749995882125
Taťka,,"'+420733255671",150,1749903405021
Mamka,,"'+420737878928",17,1749801444083
Taťka,,"'+420733255671",128,1749731712672
Mamka,,"'+420737878928",159,1749725360774
Taťka,,"'+420733255671",0,1749710639751
Taťka,,"'+420733255671",0,1749195787279
Mamka,,"'+420737878928",0,1749069278389
Mamka,,"'+420737878928",0,1749041473571
Mamka,,"'+420737878928",0,1749041451503
Babička,,"'+420732703644",1150,1749022844451
Mamka,,"'+420737878928",0,1748955262571
Mamka,,"'+420737878928",0,1748951382971
Babička,,"'+420732703644",265,1748932537860
Babička,,"'+420732703644",0,1748932494152
Mamka,,"'+420737878928",0,1748918387195
Babička,,"'+420732703644",34,1748675043678
Taťka,,"'+420733255671",0,1748603668270
Babička,,"'+420732703644",478,1748456447430
Babička,,"'+420732703644",0,1748456418756
Babička,,"'+420732703644",19,1748455566424
Babička,,"'+420732703644",31,1748451413418
Vojta Kalivoda,,"'+420604537884",55,1748077326192
Taťka,,"'+420733255671",0,1747983858210
Taťka,,"'+420733255671",0,1747983181751
Mamka,,"'+420737878928",58,1747909436036
Mamka,,"'+420737878928",33,1747907863526
Mamka,,"'+420737878928",33,1747907088289
Taťka,,"'+420733255671",63,1747902860084
Taťka,,"'+420733255671",57,1747893249902
Taťka,,"'+420733255671",0,1747838767160
Taťka,,"'+420733255671",1,1747835639682
Taťka,,"'+420733255671",43,1747820472537
Taťka,,"'+420733255671",4,1747818435013
Taťka,,"'+420733255671",0,1747816596058
Mamka,,"'+420737878928",41,1747816516407
Mamka,,"'+420737878928",27,1747816476248
Taťka,,"'+420733255671",1,1747646516663
Mamka,,"'+420737878928",37,1747507030168
Mamka,,"'+420737878928",0,1747507001541
Mamka,,"'+420737878928",10,1747505448998
Mamka,,"'+420737878928",69,1747475030506
Mamka,,"'+420737878928",3,1747475019435
Mamka,,"'+420737878928",20,1747474983045
Mamka,,"'+420737878928",102,1747463121145
Mamka,,"'+420737878928",18,1747463087391
Mamka,,"'+420737878928",0,1747430198803
Mamka,,"'+420737878928",18,1747425649861
Vojta Kalivoda,,"'+420604537884",0,1747415461009
Mamka,,"'+420737878928",43,1747409666587
Vojta Kalivoda,,"'+420604537884",25,1747407627511
Mamka,,"'+420737878928",0,1747339508543
Mamka,,"'+420737878928",0,1747339478315
Taťka,,"'+420733255671",0,1747292148179
Mamka,,"'+420737878928",0,1746963800928
Vojta Kalivoda,,"'604537884",20,1746949116334
Mamka,,"'+420737878928",22,1746947472963
Mamka,,"'+420737878928",70,1746946811408
Vojta Kalivoda,,"'604537884",10,1746898429280
Mamka,,"'+420737878928",78,1746898273961
Mamka,,"'+420737878928",0,1746888203000
Mamka,,"'+420737878928",0,1746887949502
Mamka,,"'+420737878928",223,1746887585934
Mamka,,"'+420737878928",283,1746861407388
Taťka,,"'+420733255671",117,1746802467891
Taťka,,"'+420733255671",21,1746802436013
Taťka,,"'+420733255671",89,1746792365918
Mamka,,"'+420737878928",0,1746530524296
Vojta Kalivoda,,"'+420604537884",0,1746265269036
Mamka,,"'+420737878928",24,1746213273338
Mamka,,"'+420737878928",15,1746027946357
Taťka,,"'+420733255671",79,1746004878180
Mamka,,"'+420737878928",14,1745869958488
Taťka,,"'+420733255671",78,1745824716193
Taťka,,"'+420733255671",19,1745824673613
Taťka,,"'+420733255671",105,1745823505181
Mamka,,"'+420737878928",25,1745513237012
Mamka,,"'+420737878928",44,1745513173599
Mamka,,"'+420737878928",27,1745512419087
Taťka,,"'+420733255671",114,1745482790487
Babička,,"'+420732703644",82,1745482622730
Mamka,,"'+420737878928",19,1745481980685
Mamka,,"'737878928",113,1745481562940
Babička,,"'+420732703644",0,1745481555372
Taťka,,"'+420733255671",0,1745481472422
Babička,,"'+420732703644",510,1745230955910
Babička,,"'+420732703644",8,1745230908726
Mamka,,"'737878928",0,1745081800415
Mamka,,"'+420737878928",31,1744878274150
Mamka,,"'+420737878928",5,1744877856109
Taťka,,"'+420733255671",0,1744877853424
Taťka,,"'+420733255671",6,1744876366512
Mamka,,"'+420737878928",0,1744819459768
Mamka,,"'+420737878928",23,1744714248317
Mamka,,"'+420737878928",33,1744713951548
Mamka,,"'+420737878928",25,1744693907158
Mamka,,"'+420737878928",39,1744693634000
Mamka,,"'+420737878928",32,1744693523958
Mamka,,"'+420737878928",35,1744615747258
Mamka,,"'+420737878928",30,1744615151758
Taťka,,"'+420733255671",0,1744466186922
Taťka,,"'+420733255671",43,1744363768953
Taťka,,"'+420733255671",363,1744360334096
Mamka,,"'+420737878928",57,1744357679498
Mamka,,"'+420737878928",18,1744357383298
Mamka,,"'+420737878928",22,1744284819470
Mamka,,"'+420737878928",33,1744274402733
Mamka,,"'+420737878928",0,1744274362408
Taťka,,"'+420733255671",46,1744273189872
Mamka,,"'+420737878928",54,1744265847803
Mamka,,"'+420737878928",0,1744228539741
Mamka,,"'+420737878928",0,1744202052339
Mamka,,"'+420737878928",0,1744180989154
Mamka,,"'+420737878928",24,1744096339968
Mamka,,"'+420737878928",0,1744009588225
Taťka,,"'+420733255671",34,1743853670133
Taťka,,"'+420733255671",0,1743403336629
Tomáš Čermák,,"'+420737803539",25,1743009688863
Mamka,,"'+420737878928",0,1742909469176
Mamka,,"'+420737878928",19,1742906548530
Mamka,,"'+420737878928",40,1742906052531
Mamka,,"'+420737878928",32,1742905956774
Vojta Kalivoda,,"'+420604537884",20,1742659560549
Taťka,,"'+420733255671",0,1742582430918
Taťka,,"'+420733255671",0,1742575885787
Taťka,,"'+420733255671",0,1742575690482
Taťka,,"'+420733255671",0,1742575666980
Taťka,,"'+420733255671",0,1742575624377
Taťka,,"'+420733255671",0,1742575600125
Taťka,,"'+420733255671",0,1742574945537
Taťka,,"'+420733255671",46,1742485452689
Tomáš Čermák,,"'+420737803539",0,1742480670266
Mamka,,"'+420737878928",17,1742058564217
Mamka,,"'+420737878928",25,1741873670609
Mamka,,"'+420737878928",0,1741873647058
Mamka,,"'+420737878928",4,1741725225690
Mamka,,"'+420737878928",30,1741688169240
Mamka,,"'+420737878928",22,1741535308611
Mamka,,"'+420737878928",26,1741534865912
Taťka,,"'+420733255671",20,1741440405857
Taťka,,"'+420733255671",22,1741440372286
Taťka,,"'+420733255671",0,1741440348499
Mamka,,"'+420737878928",13,1740856805475
Radek Meluzín,,"'+420777341002",201,1740681276989
Mamka,,"'+420737878928",0,1740482848180
Mamka,,"'+420737878928",0,1740338690744
Taťka,,"'+420733255671",0,1740338681389
Mamka,,"'+420737878928",21,1740165667333
Taťka,,"'+420733255671",103,1739871730914
Mamka,,"'+420737878928",70,1739866725364
Mamka,,"'+420737878928",5,1739782614520
Mamka,,"'+420737878928",0,1739712616006
Mamka,,"'+420737878928",28,1739712571131
Mamka,,"'+420737878928",0,1739565475494
Taťka,,"'+420733255671",20,1739359029299
Vojta Kalivoda,,"'+420604537884",38,1739263713281
Tomáš Čermák,,"'+420737803539",454,1739263233701
Taťka,,"'+420733255671",322,1739127240902
Taťka,,"'+420733255671",0,1739008825349
Taťka,,"'+420733255671",0,1739008792670
Taťka,,"'+420733255671",0,1738356579420
Taťka,,"'+420733255671",2,1738351933592
Mamka,,"'+420737878928",13,1738236234876
Mamka,,"'+420737878928",0,1738236157647
Taťka,,"'+420733255671",46,1737983672807
Taťka,,"'+420733255671",39,1737983613048
Mamka,,"'+420737878928",34,1737976440883
Mamka,,"'+420737878928",43,1737972396598
Taťka,,"'+420733255671",14,1737885033463
Taťka,,"'+420733255671",52,1737882212343
Taťka,,"'+420733255671",72,1737712971946
Mamka,,"'+420737878928",14,1737712939584
Mamka,,"'+420737878928",0,1737712847466
Mamka,,"'+420737878928",19,1737355665430
Mamka,,"'+420737878928",49,1737355594650
Mamka,,"'+420737878928",0,1737355550494
Mamka,,"'+420737878928",11,1735980019062
Mamka,,"'+420737878928",0,1735903192408
Mamka,,"'+420737878928",21,1735893505537
Mamka,,"'+420737878928",21,1735691267785
Babička,,"'+420732703644",27,1735311296452
Babička,,"'+420732703644",0,1735311265426
Vojta Kalivoda,,"'604537884",0,1735297281330
Tomáš Od Vendy,,"'+420727983327",0,1735291871527
Tomáš Od Vendy,,"'+420727983327",3,1735140419199
Vojta Kalivoda,,"'604537884",4,1734864722754
Mamka,,"'+420737878928",0,1734511583675
Mamka,,"'+420737878928",22,1733477364896
Vojta Kalivoda,,"'+420604537884",0,1732986359621
Vojta Kalivoda,,"'+420604537884",10,1732980310475
Mamka,,"'+420737878928",105,1732875864147
Mamka,,"'+420737878928",37,1732785242799
Mamka,,"'+420737878928",74,1732705791644
Mamka,,"'+420737878928",0,1732455294440
Mamka,,"'+420737878928",30,1732372106481
Mamka,,"'+420737878928",17,1732371785392
Mamka,,"'+420737878928",37,1732369709968
Mamka,,"'+420737878928",17,1732256060897
Mamka,,"'+420737878928",12,1732198749424
Vojta Kalivoda,,"'+420604537884",8,1732119080073
Vojta Kalivoda,,"'+420604537884",9,1731942368991
Mamka,,"'+420737878928",15,1731529914189
Milan Šimon,,"'+420704160174",171,1731320108939
Milan Šimon,,"'+420704160174",51,1731319553394
Milan Šimon,,"'704160174",232,1731319301611
Milan Šimon,,"'704160174",0,1730971873965
Mamka,,"'+420737878928",9,1730965529938
Vojta Kalivoda,,"'+420604537884",0,1730818183367
Mamka,,"'+420737878928",35,1730638926569
Babička,,"'+420732703644",206,1730478055124
Vojta Kalivoda,,"'+420604537884",1,1730476444579
,,"'+420773756142",0,1730467320431
Mamka,,"'+420737878928",30,1729751968876
Mamka,,"'+420737878928",38,1729164605333
Mamka,,"'+420737878928",5,1729164508828
Mamka,,"'+420737878928",95,1728716658803
Vojta Kalivoda,,"'+420604537884",205,1727891751039
Vojta Kalivoda,,"'+420604537884",0,1727891361676
Mamka,,"'+420737878928",22,1727680092202
Mamka,,"'+420737878928",11,1727606436064
Mamka,,"'+420737878928",25,1727338322792
Mamka,,"'+420737878928",0,1726947511277
Mamka,,"'+420737878928",42,1726929608097
Mamka,,"'+420737878928",4,1726929549889
Mamka,,"'+420737878928",32,1726926807117
Mamka,,"'+420737878928",79,1726916991278
Mamka,,"'+420737878928",22,1726916135604
Vojta Kalivoda,,"'+420604537884",14,1726914269323
Mamka,,"'+420737878928",24,1726908607272
Mamka,,"'+420737878928",0,1726844761275
Mamka,,"'+420737878928",0,1726831722224
Mamka,,"'+420737878928",45,1726817334501
Babička Masná,,"'+420736262336",231,1726240701444
Vojta Kalivoda,,"'+420604537884",16,1726134615479
Vojta Kalivoda,,"'+420604537884",0,1726134580457
Mamka,,"'+420737878928",38,1726134535124
Děda Holešov,,"'+420731969842",529,1726075392857
Vojta Kalivoda,,"'+420604537884",8,1726067078081
Mamka,,"'+420737878928",49,1726054022646
Lida,,"'+420778884182",0,1725990423655
Lida,,"'+420778884182",61,1725989715759
Mamka,,"'+420737878928",38,1725864617448
Mamka,,"'+420737878928",5,1725864592524
Mamka,,"'+420737878928",18,1725864528050
Vojta Kalivoda,,"'+420604537884",0,1725860468880
Vojta Kalivoda,,"'+420604537884",17,1725792834940
Mamka,,"'+420737878928",11,1725638324432
Mamka,,"'+420737878928",46,1725638266085
Mamka,,"'+420737878928",22,1725638229822
Mamka,,"'+420737878928",10,1725541868884
Mamka,,"'+420737878928",0,1725458764985
Mamka,,"'+420737878928",37,1725436531927
Mamka,,"'+420737878928",30,1725286681018
Babička Masná,,"'+420736262336",258,1725196975111
Babička Masná,,"'+420736262336",0,1725196773413
Babička Masná,,"'+420736262336",0,1724848645817
Babička Masná,,"'+420736262336",0,1724847754878
Mamka,,"'+420737878928",0,1724847576788
Babička Masná,,"'+420736262336",0,1724847258661
Babička Masná,,"'+420736262336",25,1724780848711
Vojta Kalivoda,,"'+420604537884",8,1724408177746
Mamka,,"'+420737878928",36,1723824164439
Lida,,"'+420778884182",34,1723725172249
Lida,,"'+420778884182",57,1723565432203
Mamka,,"'+420737878928",20,1723475564150
Mamka,,"'+420737878928",0,1723377244207
Mamka,,"'+420737878928",7,1723227710826
Vojta Kalivoda,,"'+420604537884",14,1723219534702
Vojta Kalivoda,,"'+420604537884",11,1723133391005
Mamka,,"'+420737878928",0,1723039650792
Mamka,,"'+420737878928",0,1723039241592
Mamka,,"'+420737878928",0,1722794884415
Mamka,,"'+420737878928",24,1722587578380
Mamka,,"'+420737878928",25,1722587372269
Mamka,,"'+420737878928",29,1722585189252
Vojta Kalivoda,,"'+420604537884",0,1721386656375
Vojta Kalivoda,,"'+420604537884",0,1721385900271
Lida,,"'+420778884182",173,1721225450321
Babička Masná,,"'+420736262336",242,1721224744549
Radek Pracovní,,"'+420724530345",557,1721199433991
Radek Pracovní,,"'+420724530345",322,1721199101900
Radek Pracovní,,"'+420724530345",0,1721198467148
Radek Pracovní,,"'+420724530345",0,1721196917625
Lida,,"'+420778884182",252,1721195375129
Mamka,,"'+420737878928",28,1720790369044
Mamka,,"'+420737878928",0,1720522351679
Mamka,,"'+420737878928",0,1720510233004
Vojta Kalivoda,,"'+420604537884",11,1720202930620
Mamka,,"'+420737878928",0,1719776574299
Mamka,,"'+420737878928",0,1719661854753
Děda Holešov,,"'+420731969842",468,1719252786139
Mamka,,"'+420737878928",0,1719248347956
Vojta Kalivoda,,"'+420604537884",233,1719247613150
Mamka,,"'+420737878928",0,1719230332638
Vojta Kalivoda,,"'+420604537884",75,1719055127316
Mamka,,"'+420737878928",71,1718804401420
Vojta Kalivoda,,"'+420604537884",14,1718703534600
Vojta Kalivoda,,"'+420604537884",17,1718637085197
Mamka,,"'+420737878928",122,1718610649169
Mamka,,"'+420737878928",49,1718608580277
Lida,,"'+420778884182",346,1718357725543
Lida,,"'+420778884182",44,1718352759746
Mamka,,"'+420737878928",17,1718349040345
Mamka,,"'+420737878928",0,1718349013657
Mamka,,"'+420737878928",0,1718341954221
Mamka,,"'+420737878928",35,1718017986813
Mamka,,"'+420737878928",56,1718009089017
Mamka,,"'+420737878928",27,1718000002989
Mamka,,"'+420737878928",88,1717859411978
Mamka,,"'+420737878928",32,1717837530330
Mamka,,"'+420737878928",19,1717585220765
Mamka,,"'+420737878928",0,1717585098517
Mamka,,"'+420737878928",33,1717499767636
Mamka,,"'+420737878928",10,1717499742415
Mamka,,"'+420737878928",14,1717277085261
Lida,,"'+420778884182",288,1717152247738
Mamka,,"'+420737878928",9,1717150830022
Mamka,,"'+420737878928",45,1717059562558
Mamka,,"'+420737878928",34,1717053877434
Mamka,,"'+420737878928",16,1716467252704
Mamka,,"'+420737878928",12,1716467113441
Mamka,,"'+420737878928",106,1716132361807
Lida,,"'+420778884182",486,1715864321291
Lida,,"'+420778884182",47,1715864263157
Lida,,"'+420778884182",119,1715787963608
Lida,,"'+420778884182",0,1715786918619
Mamka,,"'+420737878928",0,1715705993421
Mamka,,"'+420737878928",39,1715705291076
Mamka,,"'+420737878928",593,1714761319105
Mamka,,"'+420737878928",3,1714761294164
Mamka,,"'+420737878928",34,1714396751527
Mamka,,"'+420737878928",16,1714037454517
Mamka,,"'+420737878928",44,1713626564227
Vojta Kalivoda,,"'+420604537884",0,1713283778799
Mamka,,"'+420737878928",27,1712345994973
Mamka,,"'+420737878928",70,1711216570828
Mamka,,"'+420737878928",98,1711208672014
Tomáš Čermák,,"'+420737803539",0,1710055474960
Vojta Hora,,"'+420602160119",23,1708790270695
Tomáš Čermák,,"'+420737803539",379,1708250994850
Tomáš Čermák,,"'+420737803539",0,1708243952479
Tomáš Čermák,,"'+420737803539",966,1707679061632
Tomáš Čermák,,"'+420737803539",16,1707678968080
Tomáš Čermák,,"'+420737803539",0,1707677156334
Vojta Kalivoda,,"'+420604537884",17,1706621880469
Vojta Kalivoda,,"'+420604537884",0,1706621865108
Vojta Kalivoda,,"'+420604537884",0,1706621856846
Mamka,,"'+420737878928",35,1706093020967
Mamka,,"'+420737878928",17,1706090564050
Mamka,,"'+420737878928",31,1706002599320
Mamka,,"'+420737878928",14,1705780108390
Mamka,,"'+420737878928",41,1705779029642
Vojta Kalivoda,,"'604537884",5,1705778909384
Vojta Kalivoda,,"'604537884",5,1705778734951
Mamka,,"'+420737878928",31,1705647978793
Mamka,,"'+420737878928",0,1705647930332
Vojta Kalivoda,,"'+420604537884",43,1705140880587
Vojta Kalivoda,,"'+420604537884",0,1705135011514
Teta Crhová,,"'+420605280138",0,1704903502604
Teta Crhová,,"'+420605280138",0,1704903478924
Mamka,,"'+420737878928",32,1704452260164
Mamka,,"'+420737878928",13,1704357460338
Mamka,,"'+420737878928",21,1704282992919
Tomáš Čermák,,"'+420737803539",26,1704217517662
Mamka,,"'+420737878928",20,1703771281859
Teta Crhová,,"'+420605280138",30,1703262372771
Mamka,,"'+420737878928",75,1703251377222
Mamka,,"'+420737878928",19,1703075559646
Mamka,,"'+420737878928",0,1702826677993
Vojta Kalivoda,,"'+420604537884",246,1702139215714
Vojta Kalivoda,,"'+420604537884",0,1702138693185
Mamka,,"'+420737878928",27,1701465207454
Mamka,,"'+420737878928",70,1701083246156
Mamka,,"'+420737878928",109,1701076324733
Mamka,,"'+420737878928",33,1700825786095
Mamka,,"'+420737878928",0,1700825295770
Mamka,,"'+420737878928",0,1700825269047
Mamka,,"'+420737878928",0,1700825249574
Mamka,,"'+420737878928",136,1700728944079
Mamka,,"'+420737878928",55,1700728873731
Mamka,,"'+420737878928",35,1700638072616
Mamka,,"'+420737878928",35,1700555682372
Mamka,,"'+420737878928",76,1700553810493
Mamka,,"'+420737878928",20,1700170332857
Mamka,,"'+420737878928",0,1699636623778
Mamka,,"'+420737878928",38,1699448286512
Mamka,,"'+420737878928",0,1699134905058
Mamka,,"'+420737878928",5,1699134831088
Mamka,,"'+420737878928",33,1699134661592
Mamka,,"'+420737878928",55,1698578855191
Mamka,,"'+420737878928",268,1698507524260
Mamka,,"'+420737878928",61,1698474450828
Mamka,,"'+420737878928",0,1698430967654
Mamka,,"'737878928",28,1697804190601
Filda Bajer,,"'+420733290255",0,1697698577222
Mamka,,"'737878928",0,1697689222024